,company_name,brazilian_visitors,hq_country,bounce_rate,visit_duration,male,female,18-24,25-34,35-44,45-54,55-64,65+
0,mansion.com,-1,Gibraltar,0.828,0.0,0.64,0.36,0.223,0.295,0.193,0.135,0.093,0.061
1,worldsportsbetting.co.za,-1,South Africa,0.262,16.0,0.665,0.335,0.239,0.333,0.201,0.117,0.063,0.048
2,merrybet.com,-1,Nigeria,0.165,12.0,0.728,0.272,0.164,0.343,0.22,0.138,0.085,0.049
3,sunbet.co.za,2932,South Africa,0.445,11.0,0.563,0.437,0.174,0.295,0.191,0.149,0.103,0.088
4,queenvegas.com,-1,Malta,0.12,3.0,0.567,0.433,0.153,0.305,0.202,0.16,0.111,0.07
5,scatters.com,-1,Malta,0.361,13.0,0.568,0.432,0.182,0.28,0.196,0.159,0.11,0.072
6,redbet.com,-1,Malta,0.513,9.0,0.632,0.368,0.2,0.301,0.199,0.137,0.095,0.067
7,marsbet.com,114502,Malta,0.378,8.0,0.569,0.431,0.251,0.331,0.188,0.113,0.077,0.04
8,wishmaker.com,-1,- -,,,,,,,,,,
9,chancehill.com,-1,- -,,,,,,,,,,
10,endorphina.com,-1,Czech Republic,0.52,5.0,0.615,0.385,0.237,0.337,0.181,0.119,0.081,0.045
11,chefonlinecasino.ch,-1,- -,,,,,,,,,,
12,adjarabet.com,-1,Georgia,0.157,14.0,0.445,0.555,0.384,0.293,0.141,0.091,0.065,0.027
13,rngplay.com,-1,- -,,,,,,,,,,
14,vbet.am,-1,Malta,0.235,6.0,0.536,0.464,0.236,0.333,0.164,0.112,0.095,0.059
15,playsqr.com,9175,Philippines,0.961,0.0,0.562,0.438,0.253,0.335,0.192,0.11,0.074,0.036
16,mohiogaming.com,-1,Romania,0.098,35.0,0.656,0.344,,,,,,
17,lionsbet.com,-1,- -,,,,,,,,,,
18,betitbest.com,-1,- -,,,,,,,,,,
19,sportsbettingusaconference.com,-1,- -,,,,,,,,,,
20,sccgmanagement.com,-1,- -,,,,,,,,,,
21,sharprank.com,-1,- -,,,,,,,,,,
22,pro2punter.com,-1,- -,,,,,,,,,,
23,fandem.com,-1,- -,,,,,,,,,,
24,bet247.com.au,-1,- -,,,,,,,,,,
25,bookmaker.com.au,-1,Australia,0.272,9.0,0.648,0.352,0.138,0.274,0.192,0.166,0.138,0.092
26,txodds.net,-1,- -,,,,,,,,,,
27,ciphersports.io,-1,- -,,,,,,,,,,
28,sharpalphaadvisors.com,-1,- -,,,,,,,,,,
29,usbettingreport.com,-1,United States,0.806,0.0,0.632,0.367,0.184,0.262,0.194,0.159,0.121,0.081
30,solomonmarkets.com,-1,- -,,,,,,,,,,
31,opus-gaming.com,-1,- -,,,,,,,,,,
32,hpldigitalsport.com,-1,- -,,,,,,,,,,
33,betsmartmedia.com,-1,- -,,,,,,,,,,
34,betinaction.com,-1,- -,,,,,,,,,,
35,citrofgroup.com,-1,- -,,,,,,,,,,
36,mylottohub.com,-1,United Kingdom,0.581,2.0,,,,,,,,
37,prosportsoutlook.com,-1,United States,0.71,1.0,0.722,0.278,0.216,0.275,0.201,0.145,0.105,0.057
38,betstyle.es,-1,- -,,,,,,,,,,
39,scorerstable.net,-1,- -,,,,,,,,,,
40,sportsbook-betting-online.com,-1,- -,,,,,,,,,,
41,tymoshchuk.com,-1,- -,,,,,,,,,,
42,sportsbetting-online.co.uk,-1,- -,,,,,,,,,,
43,onlinecasinoking.com,-1,- -,,,,,,,,,,
44,onlinecasinosingapore.com,-1,- -,,,,,,,,,,
45,hiwager.bet,-1,- -,,,,,,,,,,
46,thebigfreechiplist.com,-1,- -,,,,,,,,,,
47,whatwins.com,-1,- -,,,,,,,,,,
48,eoddsmaker.co.uk,-1,- -,,,,,,,,,,
49,betcris.com,-1,Costa Rica,0.25,8.0,0.424,0.576,0.366,0.289,0.167,0.094,0.055,0.028
50,izibet.com,-1,Malta,0.383,10.0,0.556,0.444,0.254,0.298,0.181,0.124,0.088,0.054
51,stanjames-betting.com,-1,- -,,,,,,,,,,
52,rabbit-entertainment.com,-1,- -,,,,,,,,,,
53,gbets.co.za,-1,South Africa,0.306,9.0,0.593,0.407,0.235,0.317,0.187,0.115,0.077,0.07
54,gamlabs.com,-1,- -,,,,,,,,,,
55,smashinglife.co.uk,-1,- -,,,,,,,,,,
56,sokabet.co.tz,-1,Tanzania,0.411,10.0,0.679,0.32,0.207,0.297,0.19,0.143,0.102,0.062
57,cbngaming.com,-1,- -,,,,,,,,,,
58,casinohex.ro,-1,Romania,0.286,9.0,,,,,,,,
59,simetron.de,-1,- -,,,,,,,,,,
60,betindex.bet,-1,United Kingdom,1.0,,,,,,,,,
61,aliveentertainment.biz,-1,- -,,,,,,,,,,
62,onlinecasinosuite.com,-1,- -,,,,,,,,,,
63,jive.dk,-1,- -,,,,,,,,,,
64,egsconsult.com,-1,- -,,,,,,,,,,
65,book365.com,-1,- -,,,,,,,,,,
66,sporttechie.com,-1,United States,0.643,1.0,0.678,0.322,0.22,0.314,0.202,0.135,0.083,0.047
67,inseinc.com,-1,United States,0.539,9.0,0.609,0.391,0.258,0.307,0.183,0.122,0.079,0.051
68,gammastack.com,-1,India,0.415,1.0,0.574,0.426,0.256,0.332,0.174,0.116,0.077,0.045
69,betmarkets.io,-1,Portugal,0.92,0.0,0.579,0.421,0.313,0.277,0.178,0.117,0.073,0.042
70,huddle.tech,-1,- -,,,,,,,,,,
71,novomaticamericas.com,-1,- -,,,,,,,,,,
72,fresh8gaming.com,-1,- -,,,,,,,,,,
73,mazooma.com,-1,- -,,,,,,,,,,
74,itechlabs.com,-1,Australia,0.722,1.0,0.596,0.404,,,,,,
75,revenuelab.biz,-1,- -,0.196,10.0,0.549,0.451,0.209,0.308,0.188,0.137,0.101,0.057
76,human-alliance.com.ua,-1,- -,,,,,,,,,,
77,arland.at,-1,- -,,,,,,,,,,
78,cbc-x.com,-1,Austria,0.936,0.0,0.612,0.388,0.198,0.27,0.191,0.154,0.104,0.083
79,sabersim.com,-1,United States,0.397,8.0,0.747,0.253,0.193,0.266,0.211,0.158,0.108,0.064
80,igaming-jobs.com,-1,- -,,,,,,,,,,
81,clickitmedia.eu,-1,- -,,,,,,,,,,
82,gggroup.media,-1,- -,,,,,,,,,,
83,w2g.co.uk,-1,- -,,,,,,,,,,
84,sebastianscheplitz.com,-1,- -,,,,,,,,,,
85,kashmobet.com,-1,- -,,,,,,,,,,
86,bugsyempire.com,-1,- -,,,,,,,,,,
87,pas.net,-1,- -,,,,,,,,,,
88,sportstock.com,-1,- -,,,,,,,,,,
89,probetvegas.com,-1,- -,,,,,,,,,,
90,gridirongamble.com,-1,- -,,,,,,,,,,
91,sportsbettingsitez.co.uk,-1,- -,,,,,,,,,,
92,sportsbookbuilder.com,-1,- -,,,,,,,,,,
93,sportscribe.co,-1,- -,,,,,,,,,,
94,betsquare.io,-1,- -,,,,,,,,,,
95,onlinecasinobox.net,-1,- -,,,,,,,,,,
96,casinonavigator.com,-1,- -,,,,,,,,,,
97,onlinecasinojatekok.net,-1,- -,,,,,,,,,,
98,onlinecasinotest.com,-1,- -,,,,,,,,,,
99,thinkgamingglobal.com,-1,- -,,,,,,,,,,
100,1onlinecasino.com,-1,- -,,,,,,,,,,
101,sportbet.com,-1,United States,0.75,0.0,0.518,0.482,0.284,0.289,0.161,0.123,0.093,0.05
102,freeonlinecasino.ie,-1,- -,,,,,,,,,,
103,willytip.com.au,-1,- -,,,,,,,,,,
104,noticeable.com.au,-1,- -,,,,,,,,,,
105,vibragaming.com,-1,- -,,,,,,,,,,
106,powerplay.com,-1,Mexico,0.688,3.0,0.686,0.314,0.205,0.292,0.201,0.154,0.093,0.056
107,onlinecasinoreports.com,-1,United Kingdom,0.606,3.0,0.545,0.455,0.174,0.345,0.201,0.138,0.096,0.045
108,sportscribe.co,-1,- -,,,,,,,,,,
109,betsquare.io,-1,- -,,,,,,,,,,
110,onlinecasinobox.net,-1,- -,,,,,,,,,,
111,casinonavigator.com,-1,- -,,,,,,,,,,
112,onlinecasinojatekok.net,-1,- -,,,,,,,,,,
113,onlinecasinotest.com,-1,- -,,,,,,,,,,
114,thinkgamingglobal.com,-1,- -,,,,,,,,,,
115,1onlinecasino.com,-1,- -,,,,,,,,,,
116,sportbet.com,-1,United States,0.75,0.0,0.518,0.482,0.284,0.289,0.161,0.123,0.093,0.05
117,freeonlinecasino.ie,-1,- -,,,,,,,,,,
118,willytip.com.au,-1,- -,,,,,,,,,,
119,noticeable.com.au,-1,- -,,,,,,,,,,
120,vibragaming.com,-1,- -,,,,,,,,,,
121,powerplay.com,-1,Mexico,0.688,3.0,0.686,0.314,0.205,0.292,0.201,0.154,0.093,0.056
122,onlinecasinoreports.com,-1,United Kingdom,0.606,3.0,0.545,0.455,0.174,0.345,0.201,0.138,0.096,0.045
123,betfred.com,-1,United Kingdom,0.659,4.0,0.71,0.29,0.219,0.291,0.194,0.138,0.096,0.062
124,goldbet.it,1080,Italy,0.242,13.0,0.838,0.162,0.207,0.253,0.217,0.174,0.09,0.059
125,fsbtech.com,-1,United Kingdom,0.368,8.0,0.62,0.38,,,,,,
126,goldrushgroup.co.za,-1,- -,,,,,,,,,,
127,1960bet.com,-1,Nigeria,0.449,6.0,0.651,0.349,0.156,0.337,0.227,0.143,0.083,0.054
128,tukopro.it,-1,- -,,,,,,,,,,
129,betbiga.com,-1,Nigeria,0.364,5.0,0.642,0.358,0.148,0.343,0.233,0.138,0.086,0.053
130,topsport.lt,-1,Lithuania,0.484,10.0,0.576,0.424,0.172,0.376,0.182,0.162,0.091,0.017
131,dicekings.com,-1,- -,,,,,,,,,,
132,talentainternational.com,-1,- -,,,,,,,,,,
133,slotvibe.com,11658,- -,0.491,3.0,0.554,0.446,0.183,0.303,0.217,0.145,0.099,0.053
134,gambul.com,-1,- -,,,,,,,,,,
135,gvc-plc.com,-1,- -,,,,,,,,,,
136,goldenrace.com,2313,Malta,0.782,1.0,0.602,0.398,0.199,0.309,0.205,0.139,0.093,0.054
137,tuttur.com,-1,Turkey,0.229,13.0,0.793,0.206,0.248,0.364,0.198,0.091,0.068,0.03
138,bclc.com,-1,Canada,0.61,2.0,0.553,0.447,0.099,0.198,0.16,0.197,0.189,0.156
139,americansportsbettingfunds.com,-1,- -,,,,,,,,,,
140,snapcallmedia.com,-1,- -,,,,,,,,,,
141,gameon.app,-1,- -,,,,,,,,,,
142,knupsolutions.com,-1,- -,,,,,,,,,,
143,pascalgaming.net,-1,- -,,,,,,,,,,
144,tempobet.com,13360,United Kingdom,0.415,11.0,0.618,0.382,0.241,0.348,0.19,0.107,0.074,0.04
145,kioskterminals.com,-1,- -,,,,,,,,,,
146,vsportsgames.com,-1,- -,,,,,,,,,,
147,elitecasinoresorts.com,-1,- -,,,,,,,,,,
148,digitalcrew.co.in,-1,- -,,,,,,,,,,
149,supernovacy.com,-1,Portugal,0.958,,,,,,,,,
150,whattowager.com,-1,- -,,,,,,,,,,
151,fantasylifeapp.com,-1,United States,0.618,0.0,0.755,0.245,0.196,0.283,0.215,0.15,0.097,0.059
152,ilikemyodds.com,-1,- -,,,,,,,,,,
153,istudiosdesign.com,-1,- -,,,,,,,,,,
154,superligabets.blogspot.com,-1,- -,,,,,,,,,,
155,houseoftips.com,-1,- -,,,,,,,,,,
156,thecasinodb.com,-1,- -,0.467,0.0,0.543,0.457,0.186,0.301,0.196,0.139,0.108,0.07
157,goldenearthltd.com,-1,- -,,,,,,,,,,
158,veikkaajille.com,-1,- -,,,,,,,,,,
159,casinorgy.com,-1,- -,1.0,,,,,,,,,
160,bettinganalyses.com,-1,- -,,,,,,,,,,
161,australiansportbetting.com,-1,- -,,,,,,,,,,
162,sports-betting-insights.com,-1,- -,,,,,,,,,,
163,online-casinogaming.net,-1,- -,,,,,,,,,,
164,playorgambleonline.com,-1,- -,,,,,,,,,,
165,pro-football-betting-odds.com,-1,- -,,,,,,,,,,
166,24hr-onlinecasinos.com,-1,- -,,,,,,,,,,
167,signupqq288.net,-1,- -,,,,,,,,,,
168,thesportsocracy.com,-1,- -,,,,,,,,,,
169,thefootytipster.com,582,- -,0.439,1.0,0.588,0.412,0.197,0.316,0.198,0.136,0.092,0.061
170,playtech.com,-1,Isle of Man,0.265,4.0,0.594,0.406,0.194,0.327,0.206,0.135,0.088,0.05
171,betinasia.com,-1,Malta,0.291,7.0,0.613,0.387,0.193,0.284,0.211,0.149,0.099,0.065
172,tipico-careers.com,-1,- -,,,,,,,,,,
173,netent.com,-1,Sweden,0.47,7.0,0.597,0.403,0.193,0.291,0.195,0.144,0.106,0.072
174,novomatic.com,-1,Austria,0.363,8.0,0.571,0.429,0.219,0.305,0.197,0.134,0.085,0.059
175,betvictor.com,-1,Gibraltar,0.488,5.0,0.684,0.316,0.215,0.286,0.193,0.144,0.097,0.065
176,lvbetcareers.com,-1,- -,,,,,,,,,,
177,skyinfotechltd.com,-1,- -,,,,,,,,,,
178,betmen.solutions,-1,Malta,1.0,,,,,,,,,
179,dafabet.co.ke,-1,Kenya,0.747,1.0,0.591,0.409,0.15,0.444,0.224,0.098,0.052,0.031
180,eyemotion.me,-1,- -,,,,,,,,,,
181,betika.cd,-1,Congo,0.45,6.0,,,,,,,,
182,nativesportsbooksolutions.com,-1,- -,,,,,,,,,,
183,betrics.io,-1,- -,,,,,,,,,,
184,b2bgaming.com,-1,- -,,,,,,,,,,
185,7redonlinecasino.com,-1,- -,,,,,,,,,,
186,alleurocasino.com,-1,- -,,,,,,,,,,
187,ebet.com,-1,- -,,,,,,,,,,
188,betcart.com,-1,- -,0.07,6.0,0.659,0.341,0.252,0.322,0.177,0.116,0.073,0.06
189,freebets.com,-1,United Kingdom,0.683,1.0,0.695,0.305,0.191,0.277,0.186,0.16,0.109,0.076
190,seaniemac.com,-1,- -,,,,,,,,,,
191,kucasinoblog.com,-1,- -,,,,,,,,,,
192,khmergaming.com,-1,Cambodia,0.718,3.0,0.64,0.36,0.21,0.3,0.19,0.14,0.1,0.06
193,softgamings.com,69898,Cyprus,0.528,6.0,0.598,0.402,0.213,0.34,0.192,0.124,0.083,0.048
194,eventus-international.com,-1,China,0.907,0.0,0.585,0.415,0.191,0.35,0.201,0.131,0.082,0.044
195,bluebet.com.au,-1,Australia,0.299,9.0,0.657,0.343,0.159,0.27,0.174,0.166,0.142,0.09
196,usintegrity.com,-1,- -,,,,,,,,,,
197,prophetbettingexchange.com,-1,United States,0.447,1.0,0.612,0.388,0.168,0.286,0.209,0.158,0.114,0.066
198,moneyball.com.au,832,Australia,0.522,2.0,0.521,0.479,0.137,0.273,0.188,0.167,0.143,0.092
199,phil-asiangamingexpo.com,-1,- -,,,,,,,,,,
200,carbon-black.co.uk,-1,- -,,,,,,,,,,
201,ardentsky.com,-1,- -,,,,,,,,,,
202,onloadmedia.com,-1,- -,,,,,,,,,,
203,piwwop.com,-1,- -,,,,,,,,,,
204,innprojekt.com,-1,- -,,,,,,,,,,
205,cosmoshotelandorra.com,-1,- -,,,,,,,,,,
206,unblockable.com,-1,- -,,,,,,,,,,
207,netbotsnorway.com,-1,- -,,,,,,,,,,
208,m88.com,-1,Malaysia,0.563,4.0,0.603,0.398,0.317,0.343,0.153,0.091,0.059,0.037
209,deely.io,-1,- -,,,,,,,,,,
210,alternativemoneyclub.com,-1,- -,,,,,,,,,,
211,sportsintensity.com,-1,- -,,,,,,,,,,
212,exclamationadrenalinesportsbetting.com,-1,- -,,,,,,,,,,
213,sportsbettingstats.com,-1,Canada,0.26,1.0,0.718,0.282,0.196,0.251,0.2,0.158,0.117,0.078
214,stripsportsbetting.com,-1,- -,,,,,,,,,,
215,sba.co.ug,-1,Uganda,0.801,0.0,,,,,,,,
216,onlinecasinoreviewer.com,-1,- -,,,,,,,,,,
217,smartresponsiblegaming.com,-1,- -,,,,,,,,,,
218,bethq.com,-1,- -,0.662,2.0,0.604,0.396,0.177,0.27,0.195,0.16,0.116,0.083
219,priceperhead.com,-1,- -,,,,,,,,,,
220,britishweatherservices.co.uk,-1,- -,,,,,,,,,,
221,napoleonsportsandcasino.be,-1,- -,,,,,,,,,,
222,vermantia.com,-1,- -,,,,,,,,,,
223,soccerbet.rs,-1,Serbia,0.504,9.0,0.7,0.3,0.299,0.312,0.199,0.098,0.063,0.028
224,tomhorngaming.com,-1,Slovakia,0.194,8.0,0.512,0.488,0.193,0.295,0.226,0.144,0.102,0.04
225,netgaming.com,-1,Malta,0.084,10.0,0.566,0.434,0.215,0.318,0.192,0.132,0.088,0.055
226,blacktype.bet,-1,- -,,,,,,,,,,
227,sportsbettingreinvented.com,-1,- -,,,,,,,,,,
228,ganabet.mx,7210,Mexico,0.399,7.0,0.675,0.325,0.295,0.325,0.171,0.099,0.074,0.037
229,estelarbet.com,-1,- -,0.132,12.0,0.613,0.387,0.198,0.355,0.223,0.13,0.068,0.026
230,kw88.com,-1,- -,,,,,,,,,,
231,betbroker365.com,-1,United Kingdom,0.685,1.0,0.554,0.446,0.178,0.286,0.222,0.15,0.108,0.056
232,42law.com,-1,- -,,,,,,,,,,
233,bet.me,-1,- -,,,,,,,,,,
234,btwiice.com,-1,- -,,,,,,,,,,
235,fantasticleague.com,-1,Spain,0.009,38.0,0.616,0.384,0.387,0.351,0.133,0.068,0.037,0.024
236,logout.org,-1,- -,,,,,,,,,,
237,bettoroff.com,-1,- -,,,,,,,,,,
238,mobera.io,-1,- -,,,,,,,,,,
239,zamsino.com,-1,United Kingdom,0.432,5.0,0.581,0.419,0.206,0.287,0.191,0.145,0.101,0.069
240,writeforcalifornia.com,-1,United States,0.531,1.0,0.593,0.407,0.166,0.264,0.204,0.157,0.124,0.086
241,eurobets.do,-1,- -,,,,,,,,,,
242,beerlife.com,-1,- -,,,,,,,,,,
243,sportticketexchange.net,-1,- -,,,,,,,,,,
244,rco-design.com,-1,- -,,,,,,,,,,
245,snabbis.com,-1,Sweden,0.343,3.0,0.568,0.432,0.164,0.268,0.205,0.164,0.113,0.087
246,sportsbettingleaders.com,-1,- -,,,,,,,,,,
247,flurrysports.org,-1,United States,0.764,0.0,0.809,0.191,0.197,0.282,0.206,0.157,0.104,0.054
248,wagertraders.com,-1,- -,,,,,,,,,,
249,onlinecasinoaustraliareviews.com,-1,- -,,,,,,,,,,
250,grandparade.co.uk,-1,- -,,,,,,,,,,
251,wallettec.com,-1,South Africa,0.582,7.0,0.492,0.508,0.234,0.328,0.205,0.111,0.067,0.055
252,best-online-casino-reviews.com,-1,- -,,,,,,,,,,
253,reelemperor.com,-1,- -,,,,,,,,,,
254,isportbet.net,-1,- -,,,,,,,,,,
255,bet-online-pga-golf-gambling-odds.com,-1,- -,,,,,,,,,,
256,baseball-wagering-proposition-mlb-bets-gambling.com,-1,- -,,,,,,,,,,
257,sportsprognoz.com,-1,- -,,,,,,,,,,
258,readscoops.com,-1,India,0.819,1.0,0.62,0.38,0.253,0.335,0.179,0.112,0.075,0.045
259,gamecity.it,-1,Italy,0.515,2.0,0.707,0.293,0.202,0.263,0.209,0.155,0.093,0.078
260,betxchange.com,-1,South Africa,0.26,17.0,0.567,0.433,0.199,0.322,0.2,0.133,0.086,0.06
261,worldmatch.eu,-1,Italy,0.549,4.0,0.654,0.346,0.166,0.264,0.221,0.167,0.109,0.074
262,fbm.digital,-1,Malta,0.884,0.0,0.538,0.462,0.242,0.325,0.189,0.117,0.081,0.047
263,broadwaygaming.com,-1,United States,0.602,0.0,0.629,0.371,0.177,0.295,0.2,0.152,0.1,0.076
264,countr.de,-1,- -,,,,,,,,,,
265,betadvanced.com,-1,- -,,,,,,,,,,
266,gamingdomains.com,-1,- -,,,,,,,,,,
267,revolvergaming.com,-1,United Kingdom,0.602,3.0,0.574,0.426,0.239,0.311,0.174,0.122,0.096,0.059
268,onlinecasinospiegel.de,-1,- -,,,,,,,,,,
269,translationroyale.com,-1,Germany,0.613,0.0,0.569,0.431,0.241,0.302,0.182,0.127,0.087,0.06
270,opapsports.com,-1,- -,,,,,,,,,,
271,stratagem.co,-1,- -,,,,,,,,,,
272,all-in.global,-1,Malta,0.182,7.0,0.574,0.426,0.221,0.306,0.198,0.132,0.09,0.054
273,budvkurzu.cz,-1,- -,,,,,,,,,,
274,amusedgroup.com,-1,- -,,,,,,,,,,
275,palmerbet.com,-1,Australia,0.31,9.0,0.627,0.372,0.113,0.248,0.172,0.184,0.164,0.119
276,olbg.com,77520,United Kingdom,0.468,3.0,0.7,0.3,0.189,0.291,0.198,0.151,0.103,0.069
277,gamefacerecruitment.com,-1,- -,,,,,,,,,,
278,betdeluxe.com.au,-1,Australia,0.346,8.0,0.609,0.391,0.141,0.286,0.18,0.153,0.147,0.093
279,mercurius.io,-1,Italy,0.541,13.0,0.611,0.389,0.208,0.303,0.202,0.135,0.094,0.059
280,4casters.io,-1,- -,,,,,,,,,,
281,sportsbetting.com,-1,- -,,,,,,,,,,
282,habtam.com,-1,- -,,,,,,,,,,
283,easygames.co.za,-1,- -,,,,,,,,,,
284,arminbet.ro,-1,- -,,,,,,,,,,
285,abeta.co.uk,-1,- -,,,,,,,,,,
286,apostaganha.com,7244,Portugal,0.42,2.0,0.653,0.347,0.216,0.299,0.209,0.132,0.09,0.054
287,drroto.com,-1,United States,0.735,0.0,0.764,0.236,0.16,0.271,0.2,0.17,0.128,0.07
288,oddscraft.com,-1,- -,,,,,,,,,,
289,bestinsites.net,-1,- -,,,,,,,,,,
290,oscar-resort.com,-1,- -,,,,,,,,,,
291,dominicfield.com,-1,- -,,,,,,,,,,
292,nextgamesolutions.com,-1,- -,,,,,,,,,,
293,gamemoto.co.ke,-1,- -,,,,,,,,,,
294,giboltips.com,-1,- -,,,,,,,,,,
295,sportsbettingcanadian.ca,-1,- -,,,,,,,,,,
296,lmbookmaker.com,-1,South Africa,0.553,3.0,0.492,0.508,0.214,0.315,0.198,0.125,0.081,0.068
297,visualformguides.com,-1,- -,,,,,,,,,,
298,linemovement.com,-1,Canada,0.969,,,,,,,,,
299,degree53.com,-1,- -,,,,,,,,,,
300,onlinecasinogames.com,-1,- -,,,,,,,,,,
301,appently.com,-1,- -,,,,,,,,,,
302,finalrunner.com,-1,- -,,,,,,,,,,
303,lotteryspy.com,-1,- -,,,,,,,,,,
304,delinquentmma.com,-1,- -,,,,,,,,,,
305,yolo.com,1340,Estonia,0.487,3.0,0.543,0.457,0.189,0.317,0.195,0.144,0.102,0.053
306,starsgroup.com,-1,Canada,0.205,0.0,0.59,0.41,0.194,0.301,0.208,0.142,0.093,0.062
307,twincareers.com,-1,- -,,,,,,,,,,
308,casinospesialisten.net,-1,Norway,0.79,0.0,0.688,0.312,0.178,0.251,0.187,0.159,0.128,0.098
309,playbet.net,-1,- -,,,,,,,,,,
310,fonbet.gr,-1,Russia,0.33,13.0,0.832,0.168,0.243,0.322,0.209,0.107,0.062,0.058
311,stakers.com,-1,Malta,0.408,4.0,0.639,0.361,0.212,0.291,0.196,0.14,0.094,0.067
312,games1.com,-1,- -,0.831,0.0,0.549,0.451,0.261,0.333,0.183,0.109,0.072,0.042
313,inbet.io,-1,- -,0.718,1.0,0.6,0.4,0.184,0.261,0.245,0.155,0.103,0.052
314,mybetonline.com,-1,- -,,,,,,,,,,
315,pressenter.group,-1,Malta,0.947,0.0,0.554,0.446,0.27,0.316,0.179,0.112,0.076,0.046
316,vivogaming.com,-1,United States,0.295,6.0,0.599,0.401,0.227,0.311,0.196,0.124,0.089,0.053
317,rivalo.co,-1,- -,0.631,1.0,0.649,0.351,0.353,0.364,0.139,0.067,0.052,0.025
318,mycasinoguru.com,-1,India,0.142,21.0,0.6,0.4,0.226,0.32,0.184,0.13,0.089,0.051
319,startlivecasino.com,-1,- -,,,,,,,,,,
320,swatiinfomedia.com,-1,- -,,,,,,,,,,
321,bettend.com,-1,- -,,,,,,,,,,
322,betinvest.com,-1,United Kingdom,0.172,15.0,0.576,0.424,0.166,0.307,0.224,0.154,0.101,0.048
323,sbt.global,-1,- -,,,,,,,,,,
324,rubik-talent.com,-1,- -,,,,,,,,,,
325,superology.com,-1,- -,,,,,,,,,,
326,swishanalytics.com,-1,United States,0.606,1.0,0.806,0.194,0.185,0.314,0.209,0.148,0.091,0.052
327,flatiron.co,-1,- -,,,,,,,,,,
328,sirplay.com,-1,- -,,,,,,,,,,
329,e-2.at,-1,Austria,0.393,1.0,0.61,0.39,0.223,0.293,0.2,0.134,0.088,0.063
330,digitalfuel.io,-1,United Kingdom,0.293,0.0,0.612,0.388,0.258,0.349,0.17,0.106,0.075,0.041
331,g3newswire.com,-1,Chile,0.926,0.0,0.591,0.409,0.262,0.293,0.183,0.121,0.084,0.057
332,voltbet.com,-1,- -,,,,,,,,,,
333,sww.com,-1,- -,,,,,,,,,,
334,thisistheunit.com,-1,- -,,,,,,,,,,
335,ludwingroup.com,-1,- -,,,,,,,,,,
336,lemeister.com,-1,- -,,,,,,,,,,
337,brandstreamers.com,-1,- -,,,,,,,,,,
338,copybet.com,-1,United Kingdom,0.347,6.0,0.667,0.333,0.169,0.284,0.196,0.161,0.111,0.078
339,gamingmechanics.com,-1,- -,,,,,,,,,,
340,sbat.com,-1,United Kingdom,0.799,0.0,0.606,0.394,0.195,0.305,0.209,0.137,0.096,0.058
341,stockholmaffiliategroup.com,-1,- -,,,,,,,,,,
342,bettorcoverage.com,-1,- -,,,,,,,,,,
343,jackymedia.com,-1,- -,,,,,,,,,,
344,betmaps.com,-1,- -,,,,,,,,,,
345,betolio.com,-1,- -,,,,,,,,,,
346,betxtech.com,-1,- -,,,,,,,,,,
347,onlinecasinowarrior.com,-1,- -,,,,,,,,,,
348,betmagnet.com,-1,- -,,,,,,,,,,
349,roguehandicapper.com,-1,- -,,,,,,,,,,
350,betlycoin.com,-1,- -,,,,,,,,,,
351,royalvegascasino.com,14252,- -,0.253,12.0,0.522,0.478,0.19,0.297,0.198,0.147,0.102,0.066
352,betvia.sk,-1,- -,,,,,,,,,,
353,sportsbizlab.com,-1,- -,,,,,,,,,,
354,bunkermode.com,-1,- -,,,,,,,,,,
355,bestbetboulevard.com,-1,- -,,,,,,,,,,
356,betandbeat.com,-1,United Kingdom,0.693,6.0,0.674,0.326,0.236,0.312,0.19,0.125,0.083,0.054
357,winadaycasino.eu,3109,- -,0.306,8.0,0.579,0.421,0.195,0.272,0.199,0.148,0.11,0.076
358,fairplaycasino.nl,-1,Netherlands,0.268,8.0,0.677,0.324,0.145,0.266,0.195,0.193,0.13,0.07
359,karamba.com,-1,United States,0.424,3.0,0.632,0.368,0.215,0.276,0.19,0.148,0.101,0.071
360,casinoplusbonus.com,-1,Germany,0.473,4.0,0.684,0.316,0.25,0.273,0.178,0.133,0.097,0.07
361,doubleup.group,-1,- -,,,,,,,,,,
362,eazibet.com,-1,- -,,,,,,,,,,
363,americabet.com,-1,- -,,,,,,,,,,
364,swissbet.com,-1,- -,,,,,,,,,,
365,garbo.com,-1,- -,,,,,,,,,,
366,onlinecasinosnetwork.com,-1,- -,,,,,,,,,,
367,microgamingspins.com,-1,United States,0.511,0.0,0.563,0.437,0.155,0.29,0.217,0.161,0.11,0.068
368,entaincareers.com,-1,United Kingdom,0.323,3.0,0.583,0.417,0.211,0.316,0.2,0.135,0.084,0.054
369,scoremediaandgaming.com,-1,Canada,0.561,0.0,0.59,0.41,0.22,0.305,0.189,0.137,0.089,0.06
370,soccabet.com,-1,Ghana,0.175,8.0,0.788,0.212,0.209,0.3,0.19,0.14,0.1,0.06
371,ice365.com,-1,- -,,,,,,,,,,
372,seventysixcapital.com,-1,- -,,,,,,,,,,
373,sportsbroker.com,-1,- -,,,,,,,,,,
374,wirex.it,-1,- -,,,,,,,,,,
375,bettinghero.com,-1,- -,,,,,,,,,,
376,touchbet.com.mt,-1,- -,,,,,,,,,,
377,bet-analytics.com,-1,- -,,,,,,,,,,
378,yapiko.com,-1,- -,,,,,,,,,,
379,wagers.com,-1,- -,,,,,,,,,,
380,stat-bet.com,-1,- -,,,,,,,,,,
381,sportsowlbets.com,-1,- -,,,,,,,,,,
382,linemoversgroup.com,-1,- -,,,,,,,,,,
383,bookies.com,-1,United States,0.786,0.0,0.72,0.28,0.178,0.274,0.206,0.159,0.11,0.073
384,f4m.tv,-1,- -,,,,,,,,,,
385,ladbrokes.be,-1,United Kingdom,0.604,3.0,0.605,0.395,0.247,0.249,0.199,0.133,0.094,0.078
386,energycasinocareers.com,-1,- -,,,,,,,,,,
387,leader-bet.com,-1,- -,,,,,,,,,,
388,iprogames.com,-1,- -,,,,,,,,,,
389,chippysoftware.com,-1,- -,,,,,,,,,,
390,48pacific.com,-1,- -,,,,,,,,,,
391,18betaffiliates.com,-1,Bulgaria,0.488,0.0,0.543,0.457,0.182,0.317,0.196,0.143,0.103,0.058
392,cardcasino.com,-1,- -,,,,,,,,,,
393,caesarscasino.com,3395,United States,0.472,4.0,0.608,0.392,0.171,0.239,0.185,0.157,0.135,0.113
394,egt-ua.com,-1,- -,,,,,,,,,,
395,allwynentertainment.com,-1,Czech Republic,0.42,1.0,0.579,0.421,0.205,0.285,0.199,0.137,0.099,0.074
396,anbessabet.com,-1,- -,,,,,,,,,,
397,thedalesreport.com,-1,Canada,0.676,0.0,0.621,0.379,0.191,0.29,0.199,0.149,0.1,0.07
398,highlight-games.com,-1,United Kingdom,1.0,,,,,,,,,
399,creatix.tech,-1,- -,,,,,,,,,,
400,betthouse.com,-1,- -,,,,,,,,,,
401,tecpinion.com,-1,- -,,,,,,,,,,
402,i3company.com,-1,- -,,,,,,,,,,
403,playbrandsgroup.com,-1,- -,,,,,,,,,,
404,ematiq.com,-1,Czech Republic,0.182,27.0,0.66,0.34,0.25,0.298,0.188,0.117,0.091,0.057
405,spigoworld.com,-1,- -,,,,,,,,,,
406,gamenous.com,-1,- -,,,,,,,,,,
407,cm3gaming.com,-1,- -,,,,,,,,,,
408,galasports.net,-1,- -,,,,,,,,,,
409,marketingbook.co.uk,-1,- -,,,,,,,,,,
410,popular-online-casino.com,-1,- -,,,,,,,,,,
411,odin.co.uk,-1,- -,,,,,,,,,,
412,bconlinecasino.net,-1,- -,,,,,,,,,,
413,plazaholdings.com,-1,- -,,,,,,,,,,
414,casinoonlinebets.com,-1,- -,,,,,,,,,,
415,tipsterplatforms.co.uk,-1,- -,,,,,,,,,,
416,playcard.hu,-1,- -,,,,,,,,,,
417,emitplus.sk,-1,- -,,,,,,,,,,
418,betting.com,4646,United Kingdom,0.743,0.0,0.574,0.426,0.189,0.303,0.199,0.143,0.099,0.067
419,gig.com,-1,United States,0.42,1.0,0.576,0.424,0.211,0.306,0.196,0.133,0.093,0.06
420,kindredgroup.com,-1,Malta,0.258,36.0,0.591,0.409,0.191,0.299,0.21,0.142,0.094,0.065
421,10bet.com,13491,United Kingdom,0.467,4.0,0.618,0.382,0.201,0.3,0.205,0.136,0.094,0.064
422,slotegrator.pro,5545,Belarus,0.579,3.0,0.576,0.424,0.199,0.318,0.2,0.136,0.093,0.054
423,egt-digital.com,-1,Bulgaria,0.348,24.0,0.566,0.434,0.178,0.296,0.23,0.143,0.096,0.057
424,winbet.bg,-1,United States,0.405,5.0,0.621,0.379,0.219,0.309,0.212,0.123,0.08,0.056
425,palmsbet.com,-1,Bulgaria,0.387,7.0,0.582,0.418,0.231,0.297,0.202,0.125,0.087,0.058
426,liveg24.com,-1,- -,,,,,,,,,,
427,jadestone.se,-1,- -,,,,,,,,,,
428,pinnaclesolution.com,-1,- -,,,,,,,,,,
429,betzest.com,-1,Malta,0.049,27.0,0.592,0.408,0.174,0.277,0.206,0.162,0.108,0.074
430,interbet.co.za,-1,South Africa,0.253,5.0,0.552,0.448,0.23,0.31,0.197,0.124,0.081,0.059
431,betuk.co,-1,- -,,,,,,,,,,
432,onlinecasinoukhelper.com,-1,- -,,,,,,,,,,
433,sbbet.me,-1,Montenegro,0.264,9.0,0.566,0.434,0.452,0.309,0.127,0.059,0.034,0.019
434,doradobet.com,-1,Peru,0.565,7.0,0.639,0.361,0.395,0.303,0.153,0.074,0.048,0.027
435,intevalue.com,-1,- -,,,,,,,,,,
436,indiasatta.co,-1,- -,,,,,,,,,,
437,onlinecasinobluebook.com,-1,- -,,,,,,,,,,
438,tryphi.com,-1,- -,,,,,,,,,,
439,atmbet.com,-1,- -,,,,,,,,,,
440,vegastreasurechest.com,-1,- -,,,,,,,,,,
441,leadstarmedia.com,-1,- -,,,,,,,,,,
442,mbet.co.za,-1,South Africa,0.32,9.0,0.503,0.497,0.204,0.3,0.21,0.132,0.088,0.067
443,cryptobetting.org,-1,- -,0.818,0.0,0.72,0.28,0.207,0.296,0.177,0.143,0.107,0.07
444,tiogadowns.com,-1,United States,0.487,1.0,0.567,0.433,0.146,0.234,0.2,0.177,0.15,0.093
445,tallysight.com,-1,- -,,,,,,,,,,
446,sharplink.com,-1,- -,,,,,,,,,,
447,bettingsports.com,-1,- -,,,,,,,,,,
448,riverslot.net,-1,United States,0.769,1.0,,,,,,,,
449,betfinity.io,-1,- -,,,,,,,,,,
450,rtgslots.com,-1,- -,,,,,,,,,,
451,sx.technology,-1,Canada,0.85,1.0,0.568,0.432,0.257,0.324,0.181,0.113,0.08,0.045
452,webanalysissolutions.com,-1,- -,,,,,,,,,,
453,betonseo.com,-1,- -,,,,,,,,,,
454,superlive.bet,-1,- -,,,,,,,,,,
455,togel212.com,-1,- -,,,,,,,,,,
456,bonusterbesar.com,-1,- -,,,,,,,,,,
457,tot.bet,-1,- -,,,,,,,,,,
458,onlinecasinoselect.com,-1,- -,,,,,,,,,,
459,seotrafficonline.com,-1,- -,,,,,,,,,,
460,hatharom.com,-1,- -,0.635,1.0,0.601,0.399,0.161,0.193,0.204,0.151,0.156,0.135
461,goldenladycasino.com,-1,- -,0.2,9.0,0.588,0.412,0.185,0.273,0.201,0.153,0.113,0.074
462,betano.com,33472780,- -,0.587,3.0,0.61,0.39,0.347,0.305,0.166,0.095,0.058,0.029
463,oddschecker.com,-1,United Kingdom,0.468,5.0,0.767,0.233,0.179,0.303,0.191,0.152,0.104,0.07
464,betclicgroup.com,-1,France,0.133,19.0,0.556,0.444,0.208,0.283,0.202,0.139,0.101,0.068
465,simplify.hr,-1,Croatia,0.424,5.0,0.374,0.626,0.251,0.355,0.183,0.109,0.062,0.041
466,tipbet.com,11208,Germany,0.875,1.0,0.597,0.403,0.221,0.299,0.192,0.135,0.092,0.061
467,caletagaming.com,-1,- -,,,,,,,,,,
468,usabilitydigital.com,-1,- -,,,,,,,,,,
469,meridianbet.co.tz,-1,Tanzania,0.267,18.0,0.708,0.292,0.204,0.307,0.195,0.139,0.097,0.059
470,efbet.net,5871,Bulgaria,0.617,1.0,0.581,0.419,0.207,0.299,0.199,0.14,0.093,0.061
471,rocketplay.com,-1,United Kingdom,0.188,12.0,0.595,0.405,0.195,0.281,0.202,0.152,0.102,0.068
472,africabet.com,-1,Zimbabwe,0.594,7.0,0.617,0.383,0.199,0.305,0.196,0.14,0.097,0.063
473,color-logic.eu,-1,- -,,,,,,,,,,
474,casino-review.co,-1,United Kingdom,0.996,,,,,,,,,
475,bet8.gr,-1,- -,,,,,,,,,,
476,888.com,-1,Gibraltar,0.618,1.0,0.65,0.35,0.199,0.314,0.2,0.138,0.09,0.058
477,flowgaming.com,-1,- -,,,,,,,,,,
478,gamshy.com,-1,- -,,,,,,,,,,
479,freespinsgaming.com,-1,- -,,,,,,,,,,
480,freespinsbet.com,-1,- -,,,,,,,,,,
481,casinobike.com,-1,- -,,,,,,,,,,
482,slots2000.com,-1,- -,,,,,,,,,,
483,microgamingspins.com,-1,United States,0.511,0.0,0.563,0.437,0.155,0.29,0.217,0.161,0.11,0.068
484,huntermediagroup.net,-1,- -,,,,,,,,,,
485,goldchip.com,-1,- -,,,,,,,,,,
486,dgxhub.com,-1,- -,,,,,,,,,,
487,ringobet.com,-1,- -,,,,,,,,,,
488,polsinellipa.com,-1,- -,,,,,,,,,,
489,gibsinternational.com,-1,- -,,,,,,,,,,
490,socialbettingprofessor.co.uk,-1,- -,,,,,,,,,,
491,onlinecasinoclub.com,-1,- -,,,,,,,,,,
492,onlinecasinogermany.com,-1,- -,,,,,,,,,,
493,online-casino-prosper.com,-1,- -,,,,,,,,,,
494,tonlinecasino.com,-1,- -,,,,,,,,,,
495,onlinecasinoarchives.com,-1,- -,,,,,,,,,,
496,sportsbettingchampsystem.org,-1,- -,,,,,,,,,,
497,thesportsbettinggurus.com,-1,- -,,,,,,,,,,
498,betvega.com,-1,- -,,,,,,,,,,
499,nascar-betting-odds-online.com,-1,- -,,,,,,,,,,
500,betoptimizer.com,-1,- -,,,,,,,,,,
501,bet365.com,89890100,United Kingdom,0.536,8.0,0.639,0.361,0.326,0.306,0.166,0.1,0.065,0.037
502,softswiss.com,-1,Austria,0.57,1.0,0.564,0.436,0.217,0.329,0.191,0.125,0.089,0.047
503,meridianbet.com,-1,Cambodia,0.791,2.0,0.578,0.422,0.231,0.325,0.199,0.12,0.079,0.046
504,bettabets.co.za,-1,South Africa,0.251,3.0,0.469,0.531,0.226,0.328,0.19,0.12,0.075,0.06
505,xlivebet.com,-1,Bosnia and Herzegovina,0.475,3.0,0.583,0.417,0.253,0.325,0.184,0.11,0.081,0.048
506,gamemediaworks.com,-1,- -,,,,,,,,,,
507,streamlogue.com,-1,- -,,,,,,,,,,
508,centrumvoorverantwoordspelen.nl,-1,- -,,,,,,,,,,
509,goldenboysbet.com,-1,- -,,,,,,,,,,
510,thegamesguys.com,-1,- -,,,,,,,,,,
511,kingpin.pro,-1,- -,,,,,,,,,,
512,gowildonlinecasino.com,-1,- -,,,,,,,,,,
513,maxentertainment.com,-1,- -,,,,,,,,,,
514,rescuebet.com,-1,- -,,,,,,,,,,
515,empire777.com,-1,- -,0.057,5.0,0.577,0.423,0.37,0.359,0.135,0.07,0.039,0.028
516,playinglegal.com,-1,- -,,,,,,,,,,
517,freespins1.com,-1,- -,,,,,,,,,,
518,xpoint.tech,-1,United Arab Emirates,0.154,20.0,0.566,0.434,0.219,0.322,0.19,0.126,0.09,0.053
519,sportsinput.com,-1,- -,,,,,,,,,,
520,sportsbooksolutions.co.uk,-1,- -,,,,,,,,,,
521,capwize.com,-1,- -,,,,,,,,,,
522,planetsport.com,-1,United Kingdom,0.711,1.0,0.748,0.252,0.205,0.294,0.187,0.139,0.101,0.074
523,utemountaincasino.com,-1,United States,0.703,1.0,0.59,0.41,0.199,0.22,0.17,0.149,0.141,0.121
524,rhythmcitycasino.com,-1,United States,0.475,4.0,0.501,0.499,0.168,0.218,0.183,0.164,0.155,0.113
525,agtech.com,-1,- -,,,,,,,,,,
526,originsport.io,-1,Singapore,,,,,,,,,,
527,mecacoin.io,-1,- -,,,,,,,,,,
528,vres.io,-1,- -,,,,,,,,,,
529,artkdev.online,-1,- -,,,,,,,,,,
530,marketbeaters.se,-1,- -,,,,,,,,,,
531,online-casino-101.com,-1,- -,,,,,,,,,,
532,casinolife.net,-1,- -,,,,,,,,,,
533,online-casino-77.com,-1,- -,,,,,,,,,,
534,leoaffiliates.com,-1,- -,,,,,,,,,,
535,betzilla.co,-1,- -,,,,,,,,,,
536,onlinecasino12.com,-1,- -,,,,,,,,,,
537,sbcnews.co.uk,-1,United Kingdom,0.741,0.0,0.626,0.374,0.193,0.318,0.205,0.137,0.088,0.058
538,euroonlinecasino.com,-1,- -,,,,,,,,,,
539,onlinekenogambling.com,-1,- -,,,,,,,,,,
540,casino-chart.com,-1,- -,,,,,,,,,,
541,sportsqq288.net,-1,- -,,,,,,,,,,
542,justdobet.com,-1,- -,,,,,,,,,,
543,amusnet.com,-1,- -,0.257,9.0,0.552,0.448,0.22,0.312,0.188,0.124,0.1,0.055
544,betb2b.com,-1,- -,,,,,,,,,,
545,quinnbet.com,-1,Ireland,0.282,9.0,0.693,0.307,0.171,0.278,0.194,0.164,0.115,0.077
546,egamings.com,-1,Latvia,0.301,17.0,0.535,0.465,0.19,0.348,0.194,0.134,0.09,0.044
547,supersport.hr,-1,Croatia,0.165,15.0,0.689,0.311,0.15,0.293,0.231,0.161,0.109,0.056
548,livecasino.com,-1,Malta,0.02,0.0,0.57,0.43,0.364,0.316,0.161,0.078,0.054,0.028
549,dukabet.co.ke,-1,Kenya,0.064,11.0,0.608,0.393,0.17,0.395,0.226,0.11,0.067,0.033
550,online-casino-spielautomaten.de,-1,Germany,0.788,0.0,0.625,0.375,0.199,0.269,0.189,0.158,0.104,0.081
551,cashmio.com,-1,Malta,0.451,4.0,0.572,0.428,0.181,0.288,0.2,0.151,0.104,0.075
552,solbet.pe,-1,Peru,0.688,2.0,0.591,0.409,0.401,0.298,0.157,0.069,0.048,0.027
553,metalcasino.com,5583,United Kingdom,0.379,13.0,0.57,0.43,0.194,0.297,0.199,0.144,0.098,0.068
554,onlinecasinoconsultants.com,-1,- -,,,,,,,,,,
555,casinobonus360.de,-1,Germany,0.677,1.0,0.638,0.362,0.202,0.295,0.189,0.149,0.096,0.068
556,bodog.com,269600,Canada,0.547,2.0,0.599,0.401,0.245,0.33,0.19,0.111,0.082,0.043
557,stadiuum.com,-1,- -,,,,,,,,,,
558,parimatchafrica.com,-1,- -,,,,,,,,,,
559,atlas-iac.com,-1,- -,,,,,,,,,,
560,footballformlabs.com,-1,- -,,,,,,,,,,
561,igamingideas.com,-1,- -,,,,,,,,,,
562,punterclash.com,-1,- -,,,,,,,,,,
563,mobiusinteractive.ltd,-1,- -,,,,,,,,,,
564,b2bslots.com,-1,- -,,,,,,,,,,
565,asiastar8.com,-1,- -,,,,,,,,,,
566,where2gambleonline.com,-1,- -,,,,,,,,,,
567,funta-gaming.com,-1,- -,,,,,,,,,,
568,bonus.com,-1,United States,0.455,1.0,0.712,0.288,0.248,0.277,0.178,0.128,0.093,0.075
569,sportsbettingstars.com,-1,- -,,,,,,,,,,
570,australiaonlinecasino.com,-1,- -,,,,,,,,,,
571,onlinecasinosbonuses.net,-1,- -,,,,,,,,,,
572,onlinecasinokingdom.com,-1,- -,,,,,,,,,,
573,supremeonlinecasinos.com,-1,- -,,,,,,,,,,
574,gambling.com,-1,Jersey,0.632,2.0,0.687,0.313,0.194,0.305,0.202,0.145,0.092,0.062
575,pllay.me,-1,- -,,,,,,,,,,
576,digitalgaminggroup.com,-1,- -,,,,,,,,,,
577,bookiesoft.com,-1,Costa Rica,0.413,,,,,,,,,
578,starlightonlinecasino.net,-1,- -,,,,,,,,,,
579,evoplay.games,-1,Cyprus,0.63,4.0,0.605,0.395,0.236,0.327,0.185,0.12,0.081,0.051
580,bitstarz.eu,-1,- -,0.925,0.0,0.637,0.363,0.197,0.305,0.204,0.135,0.092,0.068
581,upgaming.com,-1,- -,0.231,14.0,0.521,0.479,0.271,0.324,0.175,0.113,0.081,0.037
582,marathonbet.co.uk,1435,United Kingdom,0.79,2.0,0.579,0.421,0.193,0.291,0.2,0.148,0.1,0.068
583,dafabet.co.ke,-1,Kenya,0.747,1.0,0.591,0.409,0.15,0.444,0.224,0.098,0.052,0.031
584,bettorfaster.com,-1,- -,,,,,,,,,,
585,efbet.net,5871,Bulgaria,0.617,1.0,0.581,0.419,0.207,0.299,0.199,0.14,0.093,0.061
586,bettingpromotion.com,-1,- -,,,,,,,,,,
587,superlenny.com,-1,- -,,,,,,,,,,
588,bloxltd.com,-1,- -,,,,,,,,,,
589,gamevision.com,-1,- -,,,,,,,,,,
590,leojackpot.com,-1,- -,,,,,,,,,,
591,apollogames.com,-1,Czech Republic,0.324,7.0,0.581,0.419,0.226,0.294,0.192,0.133,0.095,0.06
592,newcasinos.com,-1,United Kingdom,0.481,4.0,0.556,0.444,0.18,0.294,0.203,0.151,0.104,0.069
593,vegas.hu,2091,Hungary,0.139,19.0,0.718,0.282,0.276,0.257,0.2,0.118,0.086,0.063
594,gamblux.com,-1,- -,,,,,,,,,,
595,777.com,4215,Malta,0.388,7.0,0.656,0.344,0.182,0.295,0.206,0.153,0.097,0.067
596,cashbet.com,-1,- -,,,,,,,,,,
597,g1e.com,-1,- -,,,,,,,,,,
598,kitabet444.com,-1,- -,,,,,,,,,,
599,yorkbet.com,-1,Cyprus,1.0,,,,,,,,,
600,betcha.pa,-1,Panama,0.666,1.0,0.487,0.513,0.288,0.284,0.188,0.136,0.07,0.034
601,gamingxperts.co,-1,- -,,,,,,,,,,
602,draftkings.com,-1,United States,0.331,11.0,0.85,0.15,0.186,0.27,0.201,0.156,0.112,0.075
603,drf.com,-1,United States,0.286,12.0,0.722,0.278,0.143,0.212,0.161,0.166,0.168,0.151
604,jetbull.com,7377,United Kingdom,0.442,5.0,0.586,0.414,0.219,0.296,0.19,0.138,0.095,0.062
605,onetouch.io,-1,Isle of Man,0.437,8.0,0.576,0.424,0.274,0.314,0.168,0.113,0.08,0.052
606,risetheweb.com,-1,- -,,,,,,,,,,
607,chalklinesports.com,-1,- -,,,,,,,,,,
608,compliable.com,-1,- -,,,,,,,,,,
609,nikolasmedia.com,-1,- -,,,,,,,,,,
610,blazesoft.ca,-1,- -,,,,,,,,,,
611,redlabelsports.com,-1,United States,0.033,4.0,0.557,0.443,0.161,0.317,0.198,0.169,0.103,0.052
612,mybettingdeals.com,-1,- -,,,,,,,,,,
613,catalyst.digital,-1,- -,,,,,,,,,,
614,betwith.co,-1,- -,,,,,,,,,,
615,mvideoslots.com,-1,- -,,,,,,,,,,
616,bettorsinsider.com,-1,United States,0.883,0.0,0.618,0.382,0.222,0.31,0.191,0.132,0.091,0.054
617,mobilefx.com,-1,- -,,,,,,,,,,
618,atticagamblingltd.com,-1,- -,,,,,,,,,,
619,ayitilamama.com,-1,- -,,,,,,,,,,
620,lvsb.com,-1,Canada,0.327,0.0,0.554,0.446,0.208,0.31,0.201,0.134,0.093,0.054
621,sports-betting-explorer.com,-1,- -,0.304,3.0,0.613,0.387,0.182,0.331,0.203,0.137,0.092,0.055
622,mobilesportsbetting.com,-1,- -,,,,,,,,,,
623,xsportsbook.com,-1,- -,,,,,,,,,,
624,optimaonline.es,-1,- -,,,,,,,,,,
625,sportsbettingonmobile.com,-1,- -,,,,,,,,,,
626,blitz.be,-1,Belgium,0.313,9.0,0.688,0.312,0.226,0.25,0.189,0.164,0.103,0.068
627,betluck-online-casino.com,-1,- -,,,,,,,,,,
628,sportsperch.com,-1,- -,,,,,,,,,,
629,onlinecasino.org,-1,- -,,,,,,,,,,
630,premiumgamblingdomains.com,-1,- -,,,,,,,,,,
631,golf-betting-sportsbooks.com,-1,- -,,,,,,,,,,
632,brumenlab.com,-1,- -,,,,,,,,,,
633,sports.net,-1,- -,,,,,,,,,,
634,igt.com,-1,United Kingdom,0.065,2.0,0.623,0.377,0.197,0.287,0.206,0.149,0.103,0.058
635,goldenpalace.be,-1,Belgium,0.566,3.0,0.566,0.434,0.196,0.248,0.194,0.153,0.117,0.091
636,sbcgaming.com,-1,- -,,,,,,,,,,
637,coolbet.com,-1,Estonia,0.384,8.0,0.664,0.336,0.247,0.325,0.197,0.118,0.073,0.041
638,sportinggroup.co.uk,-1,- -,,,,,,,,,,
639,bethardgroup.com,-1,- -,,,,,,,,,,
640,betssongroupaffiliates.com,3102,Malta,0.438,1.0,0.573,0.427,0.202,0.307,0.205,0.137,0.092,0.057
641,efbet.net,5871,Bulgaria,0.617,1.0,0.581,0.419,0.207,0.299,0.199,0.14,0.093,0.061
642,igame.com,-1,Malta,0.635,0.0,0.596,0.404,0.244,0.295,0.179,0.126,0.091,0.066
643,solidgaming.com,-1,- -,,,,,,,,,,
644,plankgaming.com,-1,- -,,,,,,,,,,
645,casinoverband.de,-1,- -,,,,,,,,,,
646,globalpaymentsgaming.com,-1,United States,0.328,0.0,0.6,0.4,0.202,0.254,0.194,0.153,0.118,0.08
647,casino-goldenglory.com,-1,- -,,,,,,,,,,
648,victoriasquare.im,-1,- -,,,,,,,,,,
649,platinumcasino.ro,-1,- -,,,,,,,,,,
650,tradaaffiliates.com,-1,- -,,,,,,,,,,
651,koolbit.com,-1,- -,,,,,,,,,,
652,sportradar.com,-1,Switzerland,0.305,18.0,0.697,0.303,0.205,0.308,0.2,0.138,0.094,0.055
653,parimatch.com,695200,Belarus,0.5,10.0,0.624,0.376,0.212,0.333,0.195,0.134,0.084,0.043
654,globalbet.com,-1,Uganda,0.56,1.0,0.621,0.379,0.237,0.323,0.195,0.116,0.083,0.046
655,novomaticls.com,-1,- -,,,,,,,,,,
656,adstartmedia.com,-1,- -,,,,,,,,,,
657,amuletobet.com,201864,- -,0.351,12.0,0.633,0.367,0.254,0.311,0.179,0.124,0.086,0.045
658,oddsai.co,-1,- -,,,,,,,,,,
659,internetpresseinfos.com,-1,- -,,,,,,,,,,
660,ftnfantasy.com,-1,United States,0.502,2.0,0.855,0.146,0.157,0.267,0.211,0.174,0.125,0.066
661,casinoaffiliateprograms.com,-1,- -,,,,,,,,,,
662,isiraceandsports.com,-1,- -,,,,,,,,,,
663,rebuystars.com,-1,- -,,,,,,,,,,
664,blitzpick.com,-1,- -,,,,,,,,,,
665,smmservices.co.za,-1,- -,,,,,,,,,,
666,1vice.ag,-1,- -,,,,,,,,,,
667,sportscontentco.com,-1,- -,,,,,,,,,,
668,williamsrandalls.com,-1,- -,,,,,,,,,,
669,e-sportsbetting.org,-1,- -,,,,,,,,,,
670,iphonesportsbetting.net,-1,- -,,,,,,,,,,
671,juro.co.za,-1,- -,,,,,,,,,,
672,sweetcrazesports.co.uk,-1,- -,,,,,,,,,,
673,cashpoint.com,-1,Austria,0.302,11.0,0.637,0.363,0.194,0.287,0.209,0.147,0.094,0.07
674,the-onlinecasino.org,-1,- -,0.778,0.0,0.759,0.241,0.151,0.32,0.26,0.149,0.074,0.046
675,playonlinegamesqq288.net,-1,- -,,,,,,,,,,
676,gvc-plc.com,-1,- -,,,,,,,,,,
677,dataart.com,-1,United States,0.243,45.0,0.563,0.437,0.209,0.333,0.194,0.127,0.088,0.048
678,sportingsolutions.com,-1,- -,,,,,,,,,,
679,superbet.ro,-1,Romania,0.308,13.0,0.783,0.217,0.262,0.336,0.185,0.1,0.075,0.042
680,novibet.gr,-1,Greece,0.223,23.0,0.832,0.168,0.221,0.307,0.229,0.126,0.065,0.052
681,altenar.com,-1,- -,,,,,,,,,,
682,kwiff.com,-1,Malta,0.252,11.0,0.752,0.248,0.138,0.269,0.204,0.176,0.125,0.088
683,betbonanza.com,-1,Nigeria,0.348,18.0,0.69,0.31,0.141,0.352,0.229,0.149,0.085,0.044
684,promatic.pl,-1,- -,,,,,,,,,,
685,omnislots.com,-1,Curaçao,0.25,9.0,0.569,0.431,0.183,0.267,0.21,0.151,0.109,0.08
686,klashx.com,-1,- -,,,,,,,,,,
687,betvoyager.com,-1,Netherlands,0.31,1.0,0.589,0.411,0.222,0.298,0.185,0.132,0.097,0.066
688,playpearls.com,-1,Malta,0.726,4.0,0.642,0.358,0.219,0.309,0.184,0.128,0.092,0.069
689,easybet.ng,-1,- -,,,,,,,,,,
690,casinocoin.im,-1,- -,,,,,,,,,,
691,slotvision.net,-1,- -,,,,,,,,,,
692,rgcongress.eu,-1,- -,,,,,,,,,,
693,intouchgames.co.uk,-1,United Kingdom,0.511,13.0,0.654,0.346,0.169,0.326,0.233,0.138,0.079,0.055
694,genesis-games.com,-1,- -,,,,,,,,,,
695,casinobonustips.com,-1,- -,,,,,,,,,,
696,onlinecasinobuddy.com,-1,- -,,,,,,,,,,
697,onlinecasino.info,-1,- -,,,,,,,,,,
698,freespinsgratis.com,-1,United States,0.383,0.0,0.572,0.428,0.204,0.287,0.2,0.144,0.1,0.064
699,priceofgambling.com,-1,- -,,,,,,,,,,
700,stoiximan.gr,23430,Greece,0.346,14.0,0.792,0.208,0.25,0.274,0.228,0.129,0.063,0.058
701,sbtech.com,1174,Isle of Man,0.269,19.0,0.615,0.385,0.202,0.284,0.201,0.143,0.1,0.07
702,tomwaterhouse.com,-1,- -,,,,,,,,,,
703,casinoinside.ro,-1,Romania,1.0,,,,,,,,,
704,gambling-ads.info,-1,- -,,,,,,,,,,
705,wondrnation.com,-1,- -,,,,,,,,,,
706,encourageinfotech.com,-1,- -,,,,,,,,,,
707,rtsmunity.com,-1,- -,,,,,,,,,,
708,leroys.com,-1,- -,,,,,,,,,,
709,wagertalk.com,-1,Canada,0.531,3.0,0.751,0.249,0.174,0.269,0.203,0.158,0.118,0.079
710,betsport7.com,-1,- -,,,,,,,,,,
711,tapmarketing.co.uk,-1,- -,,,,,,,,,,
712,ibasegaming.com,-1,- -,,,,,,,,,,
713,coachspicks.com,-1,- -,,,,,,,,,,
714,webinform.hu,-1,- -,,,,,,,,,,
715,empireglobal.partners,-1,- -,,,,,,,,,,
716,sportsbettingonline.net.au,-1,- -,,,,,,,,,,
717,sportsbettingprofits.com,-1,- -,,,,,,,,,,
718,lovesportsbetting.com,-1,- -,,,,,,,,,,
719,sportsbettingmarkets.com,-1,- -,,,,,,,,,,
720,ptsbets.com,-1,- -,,,,,,,,,,
721,cityroulette.com,-1,- -,,,,,,,,,,
722,onlinecasinotopic.com,-1,- -,,,,,,,,,,
723,bingoastro.com,-1,- -,,,,,,,,,,
724,onlinecasinoqq288.com,-1,- -,,,,,,,,,,
725,playusa.com,-1,United States,0.635,1.0,0.654,0.346,0.148,0.21,0.171,0.162,0.173,0.136
726,gamezone.tv,-1,- -,,,,,,,,,,
727,onlinecasinogems.com,-1,- -,,,,,,,,,,
728,wageronline.net,-1,- -,,,,,,,,,,
729,swollyourrollsports.com,-1,- -,,,,,,,,,,
730,wiseguybet.com,-1,- -,,,,,,,,,,
731,burnit.cz,-1,Czech Republic,0.742,2.0,,,,,,,,
732,thiswin.com,-1,- -,,,,,,,,,,
733,betskey.com,-1,- -,,,,,,,,,,
734,winonlinecasino.in,-1,- -,,,,,,,,,,
735,outcomebet.biz,-1,- -,,,,,,,,,,
736,baddamedia.com,-1,- -,,,,,,,,,,
